Sample,Post_QC,Post_Doublet,Doublet_%,Total_Loss_%
Tumor,58945.0,58945,0.0,0.0
PBMC,56044.0,53473,4.5874669902219685,4.5874669902219685
